beer,temperature
45.3,20.5
59.3,25.0
40.4,10.0
38.0,26.9
37.0,15.8
40.900000000000006,4.2
60.2,13.5
63.3,26.0
51.099999999999994,23.3
44.9,8.5
47.0,26.2
53.2,19.1
43.5,24.3
53.199999999999996,23.3
37.4,8.4
59.9,23.5
41.5,13.9
75.1,35.5
55.6,27.2
57.2,20.5
46.5,10.2
35.8,20.5
51.9,21.6
38.199999999999996,7.9
66.0,42.2
55.3,23.9
55.300000000000004,36.9
43.3,8.9
70.5,36.4
38.8,6.4
